place,chapter
the United States,0
the United States,0
Vienna,1
Klausenburgh,1
the Hotel Royale,1
London,1
Transylvania,1
Transylvania,1
Moldavia,1
Bukovina,1
Europe,1
Transylvania,1
Attila,1
China,1
France,1
Germany,1
Slovaks,1
Bukovina,1
the Golden Krone Hotel,1
Bukovina,1
the Borgo Pass,1
London,1
St. George’s Day,1
London,1
Borgo Prund,1
leiterwagon,1
Cszeks,1
Slovaks,1
the Borgo Pass,1
Bukovina,1
Bukovina,1
Bukovina,1
London,2
London,2
Tokay,2
England,2
London,2
England,2
London,2
London,2
London,2
Transylvania,2
Transylvania,2
England,2
London,2
china,2
Carfax,2
England,2
London,2
England,2
Iceland,3
Europe,3
Asia,3
Africa,3
Scythia,3
Attila,3
Magyar,3
Bulgar,3
Honfoglalas,3
Turkey,3
Magyar,3
Turkey,3
England,3
London,3
London,3
London,3
London,3
Newcastle,3
Dover,3
Mina,3
Varna,3
London,3
Szgany,4
Szgany,4
Hungary,4
Transylvania,4
Szgany,4
Slovak,4
Szgany,4
Slovaks,4
Szgany,4
Szgany,4
ark,4
Slovaks,4
England,4
Szgany,4
Slovaks,4
the Borgo Pass,4
Bukovina,4
Bistritz,4
London,4
Szgany,4
Slovaks,4
Szgany,4
Transylvania,5
Chatham Street,5
Mina,5
n’t,5
Texas,5
Desdemona,5
wasn’t,5
Marquesas,5
Titicaca,5
Korea,5
Nuremberg,6
Greenland,6
York,6
Leeds,6
Abbey,6
Greenland,6
Greenland,6
the Gulf of Finland,6
Abbey,6
the grey sea,6
the Angel of Death,6
East Cliff,7
the East Cliff,7
R.A,7
R.I,7
the East Cliff,7
the East Pier,7
the East Cliff,7
the East Pier,7
Tate Hill Pier,7
the West Cliff,7
Varna,7
S.P.C.A,7
East wind,7
Dardanelles,7
Archipelago,7
Gibraltar,7
Straits,7
the Bay of,7
Biscay,7
England,7
Straits of Dover,7
North Foreland,7
the North Sea,7
Abbey,7
Tate Hill Pier,7
the East Cliff,8
Abbey,8
the East Cliff,8
Abbey,8
Scotland,8
Mackenzie,8
Abbey,8
the West Pier,8
the East Cliff,8
Abbey,8
August._--No,8
London,8
Great Northern Railway,8
Carfax,8
Purfleet,8
London,8
the West Lighthouse,8
London,8
Ste,8
Ste,8
Klausenburgh,8
Ste,8
Renfield,8
Morpheus,8
Carfax,8
Hamburg,9
Wilhelmina,9
coma,9
Hillingham,9
Hillingham,9
the East Cliff,9
Amsterdam,9
M.D,9
D.Ph,9
the Great Eastern Hotel,9
Hillingham,9
Amsterdam,9
London,9
London,9
Seward,9
London,9
Amsterdam,9
Seward,9
London,9
Amsterdam,9
Seward,9
London,9
Amsterdam,9
Holmwood,9
Dame Nature,10
Amsterdam,10
Amsterdam,10
Hillingham,10
Hillingham,10
Hillingham,10
Floridas,10
Ophelia,11
Amsterdam,11
Superintendent,11
Norway,11
Jamrach,11
the Park a-’idin,11
London,11
Zoo,11
Antwerp,11
Seward,11
Carfax,11
Carfax,11
Hillingham,11
London,11
Hillingham,12
M.D,12
M.R.C.S,12
L.K.Q.CP.I,12
M.D,12
London,12
London,13
Hyde Park Corner,13
the Green Park,13
America,13
Amsterdam,13
London,13
London,13
the Shooter’s Hill,13
London,14
London,14
Later._--He,14
Holland,14
Paddington,14
London,14
London,14
Transylvania,14
London,14
London,14
Amsterdam,14
the North Hospital,15
Amsterdam,15
London,15
Straightway,15
America,15
M.D,15
Scotland,15
Amsterdam,16
Eastern Europe,16
Amsterdam,16
the Berkeley Hotel,17
Madam Mina,17
Paddington,17
Underground,17
Fenchurch Street,17
Transylvania,17
London,17
London,17
London,17
Carfax,17
Jerusalem,17
Varna,17
Carfax,17
Carfax,17
Madam Mina,18
Greece,18
Rome,18
Germany,18
France,18
India,18
China,18
Magyar,18
Turkey,18
Lake Hermanstadt,18
Carfax,18
Carfax,18
Renfield,18
Texas,18
Van Helsing,18
Transylvania,19
London,19
Carfax,20
Chicksand Street,20
Jamaica Lane,20
London,20
London,20
London,20
Carfax,20
Bloxam,20
Bartel Street,20
Cross Angel Street,20
Bloxam,20
Carfax,20
Piccadilly,20
Piccadilly,20
Carfax,20
Berkeley,20
Sackville Street,20
Carfax,20
Piccadilly,20
Malvolio,20
Renfield,20
the Eversfield Asylum,21
Vampire,21
Carfax,21
Carfax,22
Piccadilly,22
Piccadilly,22
London,22
London,22
Zwitzerland,22
Carfax,22
Piccadilly,22
Walworth and Mile End,22
Transylvania,22
Breakfast,22
Mina,22
Carfax,22
the Sacred Wafer,22
Fenchurch Street Lord Godalming,22
the Green Park,22
Arlington Street,22
the Green Park,22
Carfax,22
Death,23
Vampire,23
Carfax,23
Vampire,23
the hall:--,23
Carfax,23
Carfax,23
Port of London,23
London,23
Castle,24
Transylvania,24
London,24
Transylvania,24
the Black Sea,24
the Black Sea,24
Black-Sea,24
Varna,24
the Black Sea,24
Frenchmen,24
Varna,24
Varna,24
England,24
India,24
Turkey,24
Varna,24
Varna,24
Varna,24
Varna,24
Paris,25
Varna,25
London,25
Dardanelles,25
Varna,25
London,25
Varna,25
Dardanelles,25
Dardanelles,25
London,25
Kúkri,25
the Black Sea,25
London,25
London,25
Varna,25
Bucharest,25
the Great River,25
Turkey,25
London,25
Turkey,25
Varna,25
Varna,26
Galatz,26
Varna,26
Consul,26
London,26
Hapgood,26
London,26
London,26
the Black Sea,26
Dardanelles,26
the Black Sea,26
London,26
England,26
Hildesheim,26
London,26
Skinsky,26
Skinsky,26
St. Peter,26
Slovak,26
Mina,26
London,26
Varna,26
England,26
Skinsky,26
Hildesheim,26
Skinsky,26
Skinsky,26
Skinsky,26
Skinsky,26
Slovaks,26
Slovak,26
London,26
Castle,26
Szgany,26
Slovaks,26
Varna,26
London,26
Skinsky,26
Slovaks,26
the Borgo Pass,26
Slovaks,26
Borgo,26
Veresti,26
the Borgo Pass,26
Castle,26
Slovaks,26
Fundu,26
the Borgo Pass,26
Rapids,26
Veresti,26
the Borgo Pass,27
M.D,27
Purfleet,27
London,27
the Borgo Pass,27
Bukovina,27
Carfax,27
Madam Mina,27
Szgany,27
Szgany,27
Veresti,27
Vampire,27
Szgany,27
Transylvania,27
